{
  "Ansi 5 Color" : {
    "Red Component" : 0.87703913450241089,
    "Color Space" : "sRGB",
    "Blue Component" : 0.87042087316513062,
    "Alpha Component" : 1,
    "Green Component" : 0.54056793451309204
  },
  "Tags" : [

  ],
  "Ansi 12 Color" : {
    "Red Component" : 0.4029005765914917,
    "Color Space" : "sRGB",
    "Blue Component" : 0.87082749605178833,
    "Alpha Component" : 1,
    "Green Component" : 0.67849403619766235
  },
  "Ansi 0 Color" : {
    "Red Component" : 0,
    "Color Space" : "sRGB",
    "Blue Component" : 0,
    "Alpha Component" : 1,
    "Green Component" : 0
  },
  "Draw Powerline Glyphs" : true,
  "Bold Color" : {
    "Red Component" : 0.83741801977157593,
    "Color Space" : "sRGB",
    "Blue Component" : 0.83742713928222656,
    "Alpha Component" : 1,
    "Green Component" : 0.83743780851364136
  },
  "Ansi 7 Color" : {
    "Red Component" : 0.91824531555175781,
    "Color Space" : "sRGB",
    "Blue Component" : 0.9182552695274353,
    "Alpha Component" : 1,
    "Green Component" : 0.91826683282852173
  },
  "Ansi 8 Color" : {
    "Red Component" : 0.40000000596046448,
    "Color Space" : "sRGB",
    "Blue Component" : 0.40000000596046448,
    "Alpha Component" : 1,
    "Green Component" : 0.40000000596046448
  },
  "Ansi 9 Color" : {
    "Red Component" : 0.96550124883651733,
    "Color Space" : "sRGB",
    "Blue Component" : 0.36836892366409302,
    "Alpha Component" : 1,
    "Green Component" : 0.39370739459991455
  },
  "Rows" : 25,
  "Default Bookmark" : "No",
  "Link Color" : {
    "Red Component" : 0.44660794734954834,
    "Color Space" : "sRGB",
    "Blue Component" : 0.37831127643585205,
    "Alpha Component" : 1,
    "Green Component" : 0.60570770502090454
  },
  "Guid" : "26E6F243-F995-4F81-A245-7CF738352B18",
  "Cursor Guide Color" : {
    "Red Component" : 0.082667849957942963,
    "Color Space" : "sRGB",
    "Blue Component" : 0.86274629831314087,
    "Alpha Component" : 0.25,
    "Green Component" : 0.98757690191268921
  },
  "Non-ASCII Anti Aliased" : true,
  "Use Bright Bold" : true,
  "Ansi 10 Color" : {
    "Red Component" : 0,
    "Color Space" : "sRGB",
    "Blue Component" : 0.54816734790802002,
    "Alpha Component" : 1,
    "Green Component" : 0.77129161357879639
  },
  "Icon" : 1,
  "Ambiguous Double Width" : false,
  "Jobs to Ignore" : [
    "rlogin",
    "ssh",
    "slogin",
    "telnet"
  ],
  "Ansi 15 Color" : {
    "Red Component" : 0.91824531555175781,
    "Color Space" : "sRGB",
    "Blue Component" : 0.9182552695274353,
    "Alpha Component" : 1,
    "Green Component" : 0.91826683282852173
  },
  "Foreground Color" : {
    "Red Component" : 0.86353904008865356,
    "Color Space" : "sRGB",
    "Blue Component" : 0.8635483980178833,
    "Alpha Component" : 1,
    "Green Component" : 0.8635593056678772
  },
  "Working Directory" : "\/Users\/fahim",
  "Blinking Cursor" : false,
  "Disable Window Resizing" : true,
  "Sync Title" : false,
  "Prompt Before Closing 2" : false,
  "BM Growl" : true,
  "Mouse Reporting" : true,
  "Command" : "",
  "Description" : "Default",
  "Screen" : -1,
  "Selection Color" : {
    "Red Component" : 0.7676805853843689,
    "Color Space" : "sRGB",
    "Blue Component" : 0.76760441064834595,
    "Alpha Component" : 1,
    "Green Component" : 0.76441162824630737
  },
  "Only The Default BG Color Uses Transparency" : true,
  "Columns" : 80,
  "Idle Code" : 0,
  "Ansi 13 Color" : {
    "Red Component" : 0.87703913450241089,
    "Color Space" : "sRGB",
    "Blue Component" : 0.87042087316513062,
    "Alpha Component" : 1,
    "Green Component" : 0.54056793451309204
  },
  "Custom Command" : "No",
  "ASCII Anti Aliased" : true,
  "Non Ascii Font" : "Monaco 12",
  "Vertical Spacing" : 1,
  "Use Bold Font" : true,
  "Option Key Sends" : 0,
  "Selected Text Color" : {
    "Red Component" : 0,
    "Color Space" : "sRGB",
    "Blue Component" : 0,
    "Alpha Component" : 1,
    "Green Component" : 0
  },
  "Background Color" : {
    "Red Component" : 0.11764705926179886,
    "Color Space" : "sRGB",
    "Blue Component" : 0.11764705926179886,
    "Alpha Component" : 1,
    "Green Component" : 0.11764705926179886
  },
  "Character Encoding" : 4,
  "Ansi 11 Color" : {
    "Red Component" : 0.91772204637527466,
    "Color Space" : "sRGB",
    "Blue Component" : 0.053253099322319031,
    "Alpha Component" : 1,
    "Green Component" : 0.90503400564193726
  },
  "Use Italic Font" : true,
  "Unlimited Scrollback" : false,
  "Keyboard Map" : {
    "0xf700-0x260000" : {
      "Action" : 10,
      "Text" : "[1;6A"
    },
    "0x37-0x40000" : {
      "Action" : 11,
      "Text" : "0x1f"
    },
    "0x32-0x40000" : {
      "Action" : 11,
      "Text" : "0x00"
    },
    "0xf709-0x20000" : {
      "Action" : 10,
      "Text" : "[17;2~"
    },
    "0xf70c-0x20000" : {
      "Action" : 10,
      "Text" : "[20;2~"
    },
    "0xf729-0x20000" : {
      "Action" : 10,
      "Text" : "[1;2H"
    },
    "0xf702-0x300000-0x7b" : {
      "Label" : "",
      "Action" : 10,
      "Text" : "OH"
    },
    "0xf72b-0x40000" : {
      "Action" : 10,
      "Text" : "[1;5F"
    },
    "0xf705-0x20000" : {
      "Action" : 10,
      "Text" : "[1;2Q"
    },
    "0xf703-0x260000" : {
      "Action" : 10,
      "Text" : "[1;6C"
    },
    "0xf700-0x220000" : {
      "Action" : 10,
      "Text" : "[1;2A"
    },
    "0xf701-0x280000" : {
      "Action" : 11,
      "Text" : "0x1b 0x1b 0x5b 0x42"
    },
    "0x38-0x40000" : {
      "Action" : 11,
      "Text" : "0x7f"
    },
    "0x33-0x40000" : {
      "Action" : 11,
      "Text" : "0x1b"
    },
    "0xf703-0x300000-0x7c" : {
      "Label" : "",
      "Action" : 10,
      "Text" : "OF"
    },
    "0xf703-0x220000" : {
      "Action" : 10,
      "Text" : "[1;2C"
    },
    "0xf701-0x240000" : {
      "Action" : 10,
      "Text" : "[1;5B"
    },
    "0xf70d-0x20000" : {
      "Action" : 10,
      "Text" : "[21;2~"
    },
    "0xf702-0x280000-0x7b" : {
      "Label" : "",
      "Action" : 10,
      "Text" : "b"
    },
    "0xf702-0x260000" : {
      "Action" : 10,
      "Text" : "[1;6D"
    },
    "0xf729-0x40000" : {
      "Action" : 10,
      "Text" : "[1;5H"
    },
    "0xf706-0x20000" : {
      "Action" : 10,
      "Text" : "[1;2R"
    },
    "0x34-0x40000" : {
      "Action" : 11,
      "Text" : "0x1c"
    },
    "0xf700-0x280000" : {
      "Action" : 11,
      "Text" : "0x1b 0x1b 0x5b 0x41"
    },
    "0x2d-0x40000" : {
      "Action" : 11,
      "Text" : "0x1f"
    },
    "0xf70e-0x20000" : {
      "Action" : 10,
      "Text" : "[23;2~"
    },
    "0xf702-0x220000" : {
      "Action" : 10,
      "Text" : "[1;2D"
    },
    "0xf703-0x280000-0x7c" : {
      "Label" : "",
      "Action" : 10,
      "Text" : "f"
    },
    "0xf700-0x240000" : {
      "Action" : 10,
      "Text" : "[1;5A"
    },
    "0xf707-0x20000" : {
      "Action" : 10,
      "Text" : "[1;2S"
    },
    "0xf70a-0x20000" : {
      "Action" : 10,
      "Text" : "[18;2~"
    },
    "0x35-0x40000" : {
      "Action" : 11,
      "Text" : "0x1d"
    },
    "0xf70f-0x20000" : {
      "Action" : 10,
      "Text" : "[24;2~"
    },
    "0xf703-0x240000" : {
      "Action" : 10,
      "Text" : "[1;5C"
    },
    "0xf701-0x260000" : {
      "Action" : 10,
      "Text" : "[1;6B"
    },
    "0xf72b-0x20000" : {
      "Action" : 10,
      "Text" : "[1;2F"
    },
    "0x36-0x40000" : {
      "Action" : 11,
      "Text" : "0x1e"
    },
    "0xf708-0x20000" : {
      "Action" : 10,
      "Text" : "[15;2~"
    },
    "0xf701-0x220000" : {
      "Action" : 10,
      "Text" : "[1;2B"
    },
    "0xf70b-0x20000" : {
      "Action" : 10,
      "Text" : "[19;2~"
    },
    "0xf702-0x240000" : {
      "Action" : 10,
      "Text" : "[1;5D"
    },
    "0xf704-0x20000" : {
      "Action" : 10,
      "Text" : "[1;2P"
    }
  },
  "Window Type" : 0,
  "Background Image Location" : "",
  "Blur" : true,
  "Badge Color" : {
    "Red Component" : 1,
    "Color Space" : "sRGB",